1;Matthew Miller;12117 Jonathan Mews Suite 325, West Mary, ME 18455;50
2;Anne Dennis;6923 Joshua Ferry, Michellebury, RI 03648;68
3;Stephen Ruiz;933 Kimberly Track, Port Wendy, WA 21399;46
4;Renee Scott MD;84454 Gentry Glen, New Wendyborough, MP 82681;61
5;Terrance Berger;121 Barnett Turnpike, Lake Joshua, GA 25037;51
6;Tammy Smith;546 Chad Roads Suite 062, Carolton, LA 52470;66
7;Colin Cooper;Unit 9942 Box 7052, DPO AE 49088;54
8;Evelyn Fitzgerald;2987 Bowman Walk Suite 304, West Michelle, GA 37196;26
9;Dr. Jason Delgado;Unit 9169 Box 2482, DPO AA 20129;66
10;Mark Garza PhD;05090 Duncan Ridges, Thompsonberg, PR 29511;29
11;Jonathan Hicks;880 Danielle Causeway, West Ashley, WI 46252;52
12;Christopher Stewart;57420 Ware Pike, Averytown, ND 17297;67
13;Stephanie Alexander;248 Clark View Suite 541, Daychester, FM 43478;36
14;Kimberly Hernandez;812 Coleman Neck, Brooksside, MI 52435;66
15;Brandy Nguyen;0753 Joshua Streets, West Veronicafurt, MA 84154;32
16;Pamela Christensen;330 Nichols Mill, Martinezshire, AS 06322;29
17;Jerry Barker;643 Johnson Point Apt. 415, Weststad, RI 42349;31
18;John Case;46203 Martinez Fork Apt. 026, East Nancy, OR 28626;62
19;Anna Moran;66433 White Forges Apt. 941, West Michael, MO 79769;27
20;Jeffrey Welch;6192 Nguyen Summit Suite 614, Williamsburgh, VT 23238;62
21;Eric Mccullough;PSC 1705, Box 7389, APO AA 82181;65
22;Joshua Johnson;154 Jonathan Pine, Fordmouth, WA 98935;20
23;Paul Martinez;955 Jackson Springs, Lake Curtisbury, FM 69790;43
24;Daniel Hardin;PSC 6290, Box 8038, APO AP 05225;69
25;Kristy King;3161 Kathryn Islands, Lake Tammyland, MH 34528;47
26;Nicholas Kim;74929 Bryant Turnpike, North Jacqueline, ID 58037;40
27;Jerry Hall;9038 Ann Hill Suite 813, East Katherine, MH 61664;35
28;James Castro;099 West Vista, South Jonathan, AZ 71418;59
29;Tracy Spears;748 Matthew Underpass Suite 052, North Timothy, MT 89294;28
30;Anthony Pearson;2060 Ashley Cape, Reevesstad, MN 74587;63
31;Andrea Lee;PSC 6676, Box 0342, APO AE 63877;41
32;Dr. Krista Diaz;533 Hopkins Cape Suite 972, East Andrewburgh, WY 24645;69
33;Justin Nunez;124 Atkinson Knoll Suite 778, New Kim, DC 38960;23
34;Phillip Keith;8328 Stephens Cape Suite 655, South Rebeccaside, PA 50886;66
35;Jennifer Huerta;7402 Adams Prairie Apt. 836, South Kimberly, AR 29540;30
36;Robert Franklin;39388 Nelson Skyway Apt. 310, North Melissachester, WA 00560;49
37;Lori Daniel;9565 Reyes Causeway Suite 691, Lake Rubenchester, VA 34103;30
38;Alexandra Brock;238 Wilson Alley Apt. 703, South Shannonchester, KY 05489;20
39;Michael Robinson;45973 Buck Ville Suite 964, Karihaven, TX 21246;67
40;Zachary Lawson;3363 Zimmerman Street, Jillton, AK 62160;25
41;Curtis Carlson;896 Leon Mews, Munozburgh, NJ 54134;20
42;Whitney Peters;1941 Lewis Mews, Port Jesseshire, NC 67801;44
43;Louis Powell;8934 Jackson Mountains, Nicholsonburgh, AL 47738;33
44;Shane Arroyo;USNV Davis, FPO AE 12850;43
45;Crystal Logan;0014 Paula Squares Suite 757, North Amanda, ID 85520;50
46;Amanda Curry;304 Amber Crest Suite 198, West Jessica, PR 60797;55
47;Steven Parks DDS;8672 Erica Locks Apt. 795, Bassview, SC 44059;53
48;Carolyn Roberts;54409 Jennifer Hollow, Hillview, PR 91579;65
49;Ann Fitzgerald;131 Stewart Wall, North Jamiefurt, MS 22758;20
50;James Garcia;74666 Reeves Track Suite 506, Port Lindachester, NY 04439;49
